Time_Taken,Typing_Speed,Mouse_Movement,User_Type,
25.309908249156300,3.75878176132001,220,0,
25.211190442736500,2.9961864610221800,184,0,
19.468681997895600,2.1274841871174300,223,0,
20.73613127612430,3.0768473675840300,131,0,
10.459342464652300,2.4270320280589400,135,0,
29.97319695183060,2.818025735600180,173,0,
10.53133827672860,3.956639118194140,233,0,
18.401861473681000,2.501384348163970,250,0,
28.99978257206210,3.622228796759670,153,0,
28.337011025161700,3.93955968419636,186,0,
22.452867142513300,2.5949890453673700,149,0,
28.09928187220030,2.6257731279352000,194,0,
19.300659626337600,3.0116061084843000,110,0,
29.84660183893700,3.392653822364820,126,0,
28.704833800823000,2.437315961137480,235,1,
28.95375722870200,3.5479159076921200,205,0,
12.651117962329300,2.8015082331764800,164,0,
25.131706184152200,2.4666833098207600,224,0,
11.63007490200120,2.316960871276060,230,0,
14.246737823844300,2.9577803103928700,208,0,
11.417176486768100,3.1756198576858200,139,0,
16.419329815400800,2.473120036339910,149,1,
18.87077158476090,2.1956206445401700,194,0,
10.06269577226220,3.6226041048358500,152,1,
23.19225164768630,3.468964450251810,144,0,
29.999174303077100,2.8804654581900700,105,0,
23.207938101607200,2.0594492326725200,128,0,
14.005940651937500,2.2857180499196400,223,0,
12.852826682981500,3.3471811356973200,131,0,
10.496207726997400,3.1039624663918400,101,1,
28.970899075236100,3.1670618524721400,109,1,
25.93468551465560,2.1687186823046500,129,0,
17.588698715094100,2.611606914140340,206,1,
23.69034125548190,3.949580101953290,107,1,
27.08168901177190,2.761033046031930,179,0,
19.62663710840410,2.8842634735760700,101,0,
15.717489576772000,3.030507325515660,132,0,
24.613501664862300,2.074818159318560,189,0,
16.902847953146400,3.733737904757930,239,0,
22.974513447954800,2.041236388962800,125,0,
24.34866004644980,3.847930632719400,198,0,
29.213074993501800,3.126036954933760,239,0,
13.757241231458800,3.5773475663132300,168,0,
12.027271056411300,2.710021364523280,245,0,
14.921273665657100,3.6079584295090900,153,0,
21.961222321976300,2.2635257591199300,245,0,
28.69956291769520,3.6760819190536200,137,0,
18.972083238300800,3.4402103360051100,107,1,
19.43754573776750,2.326758690921410,117,0,
27.345328250283600,2.0152465149956800,163,0,
16.161208030313800,3.5231976463288000,102,0,
18.278727756143600,3.1800274973649400,106,0,
12.864143143133900,2.0071026537848900,231,0,
22.161738647191000,2.967259638559490,140,0,
21.25862163158380,2.766624530217240,113,0,
21.14830446050060,2.8635457652370000,135,0,
27.63629110238630,2.9107602895124400,153,0,
27.066526161475000,3.6569067374788100,244,0,
17.952741125401100,2.7934237220807200,243,0,
22.617899968541200,2.5757858012068300,141,1,
19.93717030762140,3.691022689781690,213,0,
15.140808119337100,3.263467630653000,219,0,
18.87712874074040,3.2220726113766700,225,0,
13.95514617730630,2.4575529075557800,226,0,
17.63021267902890,2.566161849449410,126,0,
22.528425817273500,2.93839211395433,215,0,
25.88167384578100,2.4658168820674200,241,0,
13.620747493661300,2.655571646388930,160,0,
11.521800685411100,3.748497869863200,190,0,
26.08853695395310,2.9785288820732100,227,1,
20.790610182352700,3.7149964947514300,178,0,
25.94311761868380,2.101053814806,212,0,
17.90888153801020,3.0442719496162600,165,0,
29.558357143570400,3.5600980885464800,140,0,
16.830137826438600,2.449874858410920,125,0,
20.90568799455970,2.2351199201497500,226,0,
21.616748785370900,2.444272527710440,132,1,
17.086292906226600,3.9866474580717800,200,0,
18.166703095780400,3.1936792395113600,171,0,
10.725097391032400,3.80429412208548,176,0,
28.043812554881800,2.572097645178880,183,0,
20.464943473762400,2.4815935104011900,149,0,
12.983223118430600,2.133755928280510,195,0,
27.118901941022400,3.9971627821148000,114,0,
27.655468174359100,2.3323219121417600,233,1,
19.75285181391760,2.3360534418167400,128,0,
28.803074844654300,3.0241297340558300,169,0,
11.978654221418400,3.375556856647790,176,0,
12.633204435044000,3.922379352048310,157,0,
16.308076373730300,3.4480418985933600,157,0,
24.996710092044800,2.9909690900563800,243,0,
14.939195842897200,3.9121563290830700,186,0,
24.090511056437600,2.3714214783240800,219,0,
15.999915287331000,3.4253912244256100,104,0,
26.070403813058600,2.7643132299624200,130,0,
19.778158733388700,3.7077648702101200,105,1,
20.198540004678300,3.3907648375285100,194,0,
29.438042040191100,2.824980613530210,224,0,
22.97302944131880,2.153154865378210,198,0,
17.99020871769950,2.4399081183886800,242,0,
20.381076493245600,2.4968903211254900,100,0,
23.075330074525800,2.761408010248140,203,0,
22.801152587968900,2.7124774695529900,240,0,
15.516419600853900,2.8246407349354600,236,0,
16.363693893579600,2.972256538931670,182,0,
19.37927905652800,3.082804702917560,155,0,
27.484267126456100,3.8971335953555200,181,0,
28.524391500546000,2.3602625721919800,213,0,
27.54745639632090,2.620548619175470,144,1,
17.62795471643340,2.1139929893063400,182,0,
24.150442725062600,2.733181667389040,145,1,
24.056838069010600,3.8772809706366800,144,0,
13.778377103510500,3.9463939365689100,172,0,
19.801732713361200,3.8147434460202400,197,0,
15.485832205500700,2.3364401728432200,188,0,
16.547098876890700,3.9539031861051100,118,0,
23.043297175440000,2.569039305466030,243,0,
28.413919454509200,3.5556475073472800,148,0,
22.71775014243530,3.794206196946290,181,0,
25.167469736515200,3.827609972595580,131,0,
17.096622433851700,3.4235047214407200,222,0,
17.64141735747090,2.9533188613963800,180,0,
14.693280390759200,3.8084215120359700,159,0,
29.806552715574300,2.0898115768345300,156,0,
10.69603488141460,3.6257308179211200,173,1,
17.708057660688500,3.9640692407347300,191,0,
17.370007074905600,3.692153436814120,195,0,
11.868255031725500,3.4234872288832700,138,0,
24.136764663906300,3.293200590086240,203,0,
18.297892213440200,2.0865220237796600,105,0,
10.84984022812670,2.465560006682800,211,0,
17.931095075565400,3.4521167440925800,160,0,
23.703327174165300,2.1796168979692400,229,0,
24.139695083830400,2.0692231411329000,145,1,
17.265158801261200,3.9872514006623500,107,0,
19.83704271242720,3.720838660325540,203,1,
13.05862028302520,3.59618176590738,119,1,
23.10567909519160,3.9325448678766100,242,1,
26.04325956594830,2.6353629171724400,162,1,
29.548753570124000,2.6181529230183600,195,1,
24.941741030561300,2.3630880368972000,115,0,
25.52379815624870,2.221079586591190,187,1,
26.79140920722750,3.6543071222441100,149,1,
24.918476510641700,2.018621662069830,213,1,
14.44874324096650,2.2641587723933800,105,1,
25.953022234663200,2.182615769435600,245,1,
29.69658142731550,2.727154708204490,214,1,
29.20088268959590,3.889810412021220,237,1,
14.972838754683200,3.905749897241030,102,1,
19.132637686807400,2.284406123905330,228,1,
12.977256033599500,2.612622275420320,151,0,
24.56209687479180,3.5378239846082400,207,0,
10.571539946253700,2.873708792212870,230,0,
10.16150520138480,2.110767064352200,170,0,
18.28094170918840,3.3074147338766400,112,0,
24.660780979180100,2.688169440756790,101,0,
16.40006953142190,3.691750631989970,171,0,
21.11204639547800,3.408847824918380,242,0,
13.152637863354700,3.463912959091800,112,0,
25.6127971072356,2.865441835582380,194,0,
26.374500715293000,3.2128631268328700,215,1,
18.74889715071110,2.0266257398634700,218,0,
24.77087209594100,2.8634480480463800,177,0,
22.9414711712624,3.929220205044620,157,0,
23.60734311872870,3.5414906374568700,199,0,
10.041566393038300,3.6690636089096900,247,0,
16.523103548730200,2.3326401345257200,233,0,
28.42618301832030,2.5387584104032800,102,0,
11.277373255120700,3.121362364756430,122,0,
23.611503720627500,2.7116596398730000,106,1,
16.169529568149900,3.5275025724167700,191,0,
17.798400215545600,3.224089023426390,197,0,
24.212735787085900,2.195907708200730,107,0,
17.888161027280900,3.608032299153470,116,0,
23.885675152213000,2.599876790649680,102,0,
24.231917976574400,2.906816577049090,198,0,
29.088472342483800,3.147258564793740,171,0,
21.09407488200810,2.247261605976700,187,0,
10.981644423423400,2.5793554472604700,237,0,
26.39581653457330,3.347013832248460,219,0,
28.9299948188825,3.5911513357563400,200,0,
20.807682895120800,3.7659242950279600,220,0,
12.811927889910600,3.5093575984379600,151,0,
17.56971363270360,3.590589799109330,155,0,
27.46425609917610,2.487730379220400,155,0,
29.324761844339100,2.0976088403252000,235,0,
16.48095483908000,2.8438146720681,166,0,
10.439552889420300,3.079886947801970,179,0,
26.81030607131780,3.613432255253790,156,1,
25.83436054690550,3.7218895368776300,183,0,
13.128323854146300,3.540890165227510,218,0,
23.476649129741400,2.5849015715030500,171,0,
27.338189020373200,3.8737372338177000,210,0,
27.5466386234072,2.243705576976690,126,0,
17.379830244920500,2.5511549717632700,186,0,
13.112720203404600,2.5561735653517400,170,0,
28.23918323994800,2.5309728772336900,213,0,
21.776298710311900,2.8081534263731200,171,0,
23.75359146406150,3.9983722972282700,154,0,
10.35887334617860,3.205192079284440,211,0,
17.184692383656300,3.503165669570510,218,0,
18.983968283780900,2.2276991394972000,144,0,
17.298290754197800,3.0861136951201000,206,1,
11.558472202900300,2.914543342530490,249,0,
23.933081299606700,2.3702032219926600,109,0,
23.34080295114030,2.679787712619480,142,0,
19.536051800043200,2.3100933619139700,222,0,
16.916158131964900,3.31277053575206,119,1,
26.27943567036070,2.000695542280710,123,0,
17.719691304549800,3.9050410673097200,169,1,
17.116506275490000,3.8832805223102900,250,1,
18.18575667840810,3.5736975989929200,217,1,
13.527709006524800,3.40111793272615,124,1,
25.64109669436840,2.963874169405420,143,1,
17.798436810590000,2.426579976998060,230,1,
28.18171050301680,2.0096524937704700,161,1,
13.130655500903400,2.594238891762310,206,1,
28.58517294206800,2.7835444851026900,229,1,
26.253291726493300,2.913015703769730,224,1,
14.828748966853400,3.3802815156172300,128,1,
15.055120272833500,3.556146133069680,217,1,
10.58529634699730,3.346710258040900,157,0,
19.631039755828800,2.1575152234684400,156,1,
22.418418954527500,3.7137995197910000,145,0,
21.95378116701440,3.5712750681935600,129,0,
26.879088297982000,3.9356526190321500,211,0,
28.99487329119440,2.3144460677188000,113,0,
20.691847942703500,2.4962248768139700,103,0,
16.7247580261688,3.553809079942200,204,0,
17.33829099636010,2.472920756561550,207,0,
18.070042926343600,3.9022239202902400,146,0,
26.048306571085300,2.768213546746770,183,0,
28.5329451836906,3.2484044364868600,179,0,
16.25414936365930,2.046457020701010,167,0,
21.645254521255300,2.0269943239412200,186,0,
17.629357735189100,2.479237704349180,166,0,
16.087421500504200,3.149718425305720,221,0,
21.748661324702900,3.5870927435242700,180,0,
28.214075395327800,3.3223895125828700,216,0,
27.533393861848100,2.6910390627714500,111,0,
27.608219292779500,3.8193437563857500,166,0,
28.8810989332437,2.493776511384120,111,0,
22.739804549202500,2.8910001620919800,171,0,
17.994204135279000,2.2665046038633500,243,0,
16.216141325877000,3.3398661729001800,180,0,
11.105220166434300,2.32135224996994,220,0,
27.395626966718600,3.4255446141029500,165,0,
11.090558573106100,2.3007323851695700,239,0,
21.58326205476550,2.5579238855644500,125,0,
29.75813235563900,2.469148419020620,136,0,
27.40678601957900,3.8080155568232000,153,0,
21.53499771024730,2.280415174804800,147,0,
26.83460952571740,3.983018224542200,108,0,
16.77008103900410,2.439779919633200,249,0,
14.904818512232400,3.757175823820350,184,0,
23.68910888194670,3.9159237890314500,134,0,
25.496017898863300,2.1942589305749400,126,0,
17.971722288072100,3.208962083486530,121,0,
24.62523720054560,2.9663484078657000,248,0,
28.91629883631360,2.6780664981477600,154,0,
18.887938700308300,2.7571277509682500,193,0,
19.595580141903300,2.0128082429018600,129,0,
12.975003514229400,2.8833172545004100,229,0,
13.043844892086900,2.0910741526828200,246,0,
26.98917645687830,2.5926278200500300,122,0,
24.491222367060500,3.4600786942919200,212,0,
27.30362787944820,2.3539762004992400,239,0,
16.962420134744500,2.1455503908405200,142,0,
19.981204639944400,3.6054172441999400,233,0,
14.603813622510200,2.58085125651496,238,0,
11.74758087949940,2.1043911077211700,107,0,
17.060505332010600,3.115703701785740,197,0,
13.460474363699000,2.2687397585585400,115,0,
29.95902988401200,3.0419657966743100,250,0,
17.22023536977040,3.9335882258037300,200,0,
12.674976797613200,3.086463585261730,108,0,
11.832815179624200,2.8313167215603000,136,0,
21.412414892193200,2.5188898130079400,213,0,
10.152205616228000,3.7413014294517600,159,0,
10.442167995788500,3.35142201038572,179,0,
22.035091257315700,2.3129688013241600,165,0,
20.353327772017700,3.9294435992033400,145,0,
27.881810135620300,2.1540503839894700,172,0,
19.15208876734300,3.5889833778627500,171,0,
16.544305288535500,3.790101987095780,136,0,
20.24462096971280,2.2150191295701600,204,0,
24.0540745846144,3.0184796262957000,182,0,
17.362642488529400,3.435387139664740,216,0,
22.01039424110070,2.110379077399690,139,0,
14.237927588934100,2.9836934818313400,212,0,
13.370633154916400,3.1608282149742500,146,0,
15.699126010387800,3.5702053107942600,150,0,
25.824790341135400,3.4884496309827200,129,0,
18.030321858594800,3.229112177581480,109,0,
17.60874246292690,2.8507228443671500,206,0,
25.811416216736200,2.1448266053584200,144,0,
27.772450860541600,3.129104152611690,148,0,
20.535658218884900,3.6951043226265200,212,0,
14.64635744325260,3.942007289070230,200,0,
10.422265009429100,3.151920651380280,116,0,
10.628702910963300,2.874221185771260,131,0,
12.1006126945002,3.688422022893010,193,0,
15.203456724203500,3.269812309892220,136,0,
24.0278568508877,3.5249319178622500,118,0,
25.97349140469790,2.3213343129944200,144,0,
14.767749448309700,2.2969445300768700,211,0,
21.043972068202900,2.2988346986074600,240,0,
23.26529555220060,2.790352023523550,229,1,
28.966218750096200,2.4402190459429100,188,1,
27.733102583439600,2.411995256676240,136,1,
27.12222451921450,2.4486365400334900,226,1,
23.47756038188100,3.0918496887196300,102,1,
13.841913092577800,3.2433541281954900,166,1,
28.134707070042300,2.298132365185240,242,0,
14.91973122549520,2.6419683464232400,199,0,
20.78884904816310,2.9253947072725400,145,0,
14.644256245738200,2.396108275631180,220,0,
17.897339803412600,3.2175667215825400,123,0,
16.30698665243540,2.6943597196486600,196,1,
14.103801001353000,3.057794728669150,102,1,
18.747318579341900,3.6974276838188900,184,0,
19.980578498423400,2.639654424309700,167,0,
12.961448146571800,3.7648307738595,242,0,
27.345139219164300,3.8691243876617400,184,0,
25.601671406757200,2.261531500018230,123,0,
18.056296281105600,3.483578113527810,121,0,
27.053832655708000,2.3892687167770100,144,0,
22.42033559949200,2.437848093866640,153,0,
11.463819620435900,2.076007452271090,113,1,
19.01992938717340,2.528192136291170,249,1,
26.208813248160900,3.271103877786530,184,1,
29.783713016221800,3.2115631755142700,219,0,
23.951717477797500,2.924739063897000,140,0,
15.470397386799000,2.842190822636260,232,0,
16.832657206609500,2.3262582553573800,221,0,
20.839101892356600,2.9261099394999900,139,0,
18.020051087325700,2.520545418050870,137,1,
16.312527421565800,3.6203122550723700,239,0,
25.562612464478000,3.1480123593496900,250,0,
14.261598958830400,2.4929183881764800,180,0,
12.189755040394200,2.751231360267770,166,0,
27.934736531640100,2.7523606473149800,111,0,
19.882600112541300,2.937130678692880,160,0,
28.82609789696770,3.4579621949246600,174,0,
15.099371933612900,2.2593364183845400,220,1,
20.86648753050670,3.4314949445807100,154,0,
21.487017065019600,3.5899729098839400,247,0,
29.460348932159500,2.87571898548866,124,0,
24.75713549070730,3.8675458390760700,236,0,
10.372084126939300,3.7381135004083100,206,0,
11.849800280187900,2.8937270346460700,132,0,
16.975873148263800,2.3969801980466100,219,0,
16.0596679334435,2.9012739238466600,250,0,
13.524871171699900,3.3529819896744100,233,0,
28.358094092077100,2.3566707720872100,177,0,
14.034922296800400,3.1854445305330300,183,0,
18.969856353239500,2.452647872376640,146,0,
21.570108220439500,2.31403094429839,189,0,
28.415142352154300,3.670541111554940,189,0,
16.260912040859400,2.7702380545484700,177,0,
22.769181901624500,3.433639393968630,226,1,
29.0904613080346,3.9343532605281900,250,0,
24.00070102968890,3.787489313102510,244,0,
18.57240009198400,2.791478904894070,220,0,
13.039504593079200,3.4037126360095300,199,0,
20.750899543137600,2.4173172317464200,173,0,
14.803342043306700,2.954109100140260,169,0,
21.638577413821600,3.482127685761020,159,0,
19.881859653531000,2.1591488001617800,161,0,
10.044419458097300,2.7379085615692300,114,0,
10.3191876655184,3.901640660210050,140,0,
17.39477032309960,3.770625559227220,239,0,
10.099094229377200,2.56321445505802,211,0,
21.544931558384600,2.465608862112200,217,0,
15.073988046448400,2.6728698618368800,193,1,
15.941130800581300,3.037185328298900,236,0,
27.716326892471500,2.5108150735358300,148,0,
20.751573994068900,2.0501691966256700,229,0,
22.961176270428300,2.977517359072570,155,0,
24.76408052606350,3.5808809263063100,247,0,
19.949423068732200,3.3829363572877700,153,0,
27.216644574620000,3.1011185773296800,144,0,
12.211833615528100,2.7603854434156500,168,0,
14.241732314001700,2.5293456668540000,223,0,
29.53601730836630,3.6789503598700300,140,0,
28.158793475473500,3.3630889641570200,210,0,
10.717595773999800,2.5127365137653800,196,0,
24.16102544363330,3.060638850262610,198,0,
10.477053470270100,3.3497051618864100,132,0,
29.378126032998200,2.9795479142237200,188,1,
26.966041428044100,2.4001697879091700,117,0,
29.10388311536350,2.5842045837530100,176,0,
27.955047685117600,3.0990699914898100,136,0,
10.918859913088600,3.857384406840940,135,0,
22.442889557431100,2.8893180297712500,109,0,
23.73506305960600,2.5160364634876100,209,0,
10.061987065717900,3.2129711321817500,120,0,
20.820515126907400,2.672014298213830,136,0,
26.7796210144208,3.41434124970742,248,0,
18.65038781531660,3.4252781365576900,217,0,
17.04444860952600,3.435913456776890,119,0,
13.383147281107400,2.825482635944320,104,0,
12.301388271768000,2.8389427995631700,214,0,
25.48744206152100,2.181399903164110,102,0,
12.723774824265800,2.0250057236081600,135,0,
14.997183802469900,3.4421361373322200,218,0,
15.893762959192400,3.222423373628240,206,0,
10.37912492924380,2.7383568519718400,219,0,
13.83096400700880,3.6449422564071400,126,1,
11.352029934149000,2.7263430956231800,194,0,
13.28618490858900,2.172316880202590,178,0,
10.060859054035400,3.103605518537960,241,0,
23.96219086228530,2.5125763530365000,233,0,
23.660625045133100,2.9859611350704200,185,0,
23.694499957801400,3.4733887358378500,208,0,
17.180956248651900,3.878848398769850,134,0,
18.088837932134800,2.1681867807272700,112,0,
28.56184524816780,2.3926805062626700,164,0,
15.236675240483700,3.0589076405124700,199,0,
28.791287000575400,2.282860882887280,217,0,
20.976732818557800,3.0846796529798800,174,0,
12.895655477454100,3.456484030594440,248,0,
20.28876601570000,3.316519702066210,139,0,
29.683130754218600,2.289623527455020,162,0,
21.013536629129000,3.9306622548769500,245,0,
22.265609941876500,3.442689558926950,198,0,
13.238969685405700,2.467537435088340,173,0,
14.834685180013600,2.735290214020230,216,0,
28.953827617085800,2.599368131111780,138,0,
15.786449557103200,3.6756811897794900,182,0,
23.704673940219600,3.1056077883177100,132,0,
28.462914305060500,2.8086077016090000,121,1,
15.331686612177400,2.5465982965879300,110,0,
19.136059704026400,2.3614775503271400,173,0,
25.991611638557900,3.8916563392630100,137,0,
15.100965476300500,2.4299774757794100,167,0,
11.91090029043850,3.4262033856050900,228,0,
17.87916108440470,2.638214296099840,217,0,
23.295222467582400,3.9398054819871100,211,1,
10.268105253550400,2.3452888666989100,191,0,
21.160791937034800,2.050833553259440,119,0,
23.138009972103000,3.687934564355630,138,0,
17.72022065544730,3.879924972979940,106,0,
16.265376058039000,2.06135764050865,189,0,
17.582235673230300,2.7623188885943500,221,1,
14.194062602513500,2.3041590515453500,168,1,
14.674582919757000,3.9888982173166800,189,1,
20.518519402814800,3.2040298041279000,218,1,
28.551754061403000,3.34254953928143,182,1,
24.572968559101400,3.1672725827953000,174,1,
28.08546878361750,3.19776098880011,188,1,
21.3347747763496,3.3890057996966000,152,1,
24.839640182930600,2.4020220253782900,183,1,
16.86380319568600,3.318249782869550,178,1,
28.383772130555400,2.691371196410970,209,1,
27.620981490289100,3.141418711537190,135,1,
14.730610035277900,2.844845048878320,235,0,
24.003541578358200,3.636491324492120,203,0,
27.065182308606400,2.1510839592605600,128,0,
21.41051422542930,2.8348631756989700,156,0,
14.332853942901900,3.9562026170253900,215,0,
24.838932655227600,2.260480803336180,188,0,
19.324141416490400,2.0200400156992500,195,0,
15.712744388446800,3.0620016525454400,151,0,
16.595070170421600,3.8375227401752300,168,0,
21.867285829374200,2.18898664223972,107,0,
10.324807981169900,3.0203277592602200,120,0,
25.599681921554500,3.6373357478307500,150,0,
11.21600666498160,2.4044811169921300,242,0,
20.08177395566010,2.836568527041140,126,0,
29.630752317347900,2.354221636521540,188,0,
21.47225569594120,2.3930224611378300,164,0,
29.495348402425200,3.933567733835600,230,0,
10.189834474620700,2.6793450683985500,136,0,
26.427223295039200,2.001801556653800,130,0,
19.26721747311740,2.4132399805664100,214,0,
16.64922398657120,2.99662060703425,144,0,
14.79557876967690,2.9157133380675400,228,0,
13.420578025605100,2.5223099957430000,140,0,
18.084168227300400,2.4631956559689100,117,0,
11.321160619800000,3.2366244651087000,117,0,
22.079901768606000,3.011317314477880,109,0,
20.896017351470800,3.8993612269528100,200,0,
12.656666025167200,2.937040654225660,247,0,
19.18398281878800,3.3695132158155800,215,0,
15.72379813399680,2.820519001491850,249,1,
19.015092478329000,2.3755923211172200,248,1,
26.6323584872935,2.1833022231405400,214,1,
14.288910538485200,2.959627203106760,217,0,
12.8458939599984,3.5413774149726700,159,0,
16.43569784408480,3.2555305485667900,105,0,
27.03791746106840,3.955114372314980,172,0,
25.975918027815600,3.4682072863582800,185,0,
17.471413437607600,3.3644587133424500,134,0,
27.501452697451200,3.2592504532088700,240,0,
16.589646501047600,2.0855718833525400,190,0,
25.48193351545240,3.8522606769684000,156,0,
26.220717519763600,2.032246320248390,170,0,
28.17484421599260,3.209032998054810,244,0,
16.75142410414040,2.236393844044520,152,0,
2.3641711010824500,10.57952396139880,47,1,
4.113256746347780,12.535356125826000,29,1,
3.67220140252436,10.282952903324100,25,1,
2.321187987353870,13.363302698222100,24,1,
2.5924083733264400,11.346746545436300,45,1,
4.542768579455430,12.05229600190340,50,1,
3.5613984403427600,11.405308721238400,40,1,
3.5100442316741200,13.745980207955700,31,1,
3.305349239432840,11.645761830305700,42,1,
2.1304213125855300,12.715273808143300,46,1,
3.00724105920918,14.805898730017000,47,1,
4.078618248069500,14.576225181289600,34,1,
3.138880145229120,14.593933415317900,25,1,
3.6778211493332900,11.458598964976800,41,0,
2.2815654223596300,10.757791209688300,29,0,
3.088842852681130,13.81502271720120,25,0,
2.0443715642188200,13.716747808971100,21,1,
3.971837823318190,12.309129510573000,27,1,
4.737846550335520,10.235138588407200,35,1,
2.830565493473390,14.771352951165400,27,1,
4.60760328067971,14.201633808969800,38,1,
3.0394534424038600,10.780842329811500,40,1,
4.04185868923283,10.749639767899900,41,1,
2.6725568426788500,12.054227311099600,38,1,
2.7084313814339100,12.968885447209700,43,1,
4.17384528214979,11.45757156366410,39,1,
4.641613201549820,13.108499240579700,22,1,
2.8859869319857800,13.773108999629400,43,1,
4.037066701376060,10.425905563089000,45,1,
3.9199682269225100,12.531234089302500,22,1,
4.4844092771462000,14.335169092165100,45,1,
2.2854598944936600,12.223345292108100,31,1,
4.727700655659320,14.599103798613100,50,1,
3.180522427543240,14.218386947189400,43,1,
3.770397798264940,12.17305721379240,32,0,
3.7557265018816600,14.442385119606900,40,1,
2.4951507253136900,10.355304468747800,29,1,
2.715613071200280,11.313018269760000,50,1,
2.022132159607910,11.72362879863900,24,1,
4.929256150343490,14.534191833183200,21,1,
4.499517708246420,14.410821478751200,36,1,
2.055150012930740,11.06782933293460,30,1,
2.1272869230693600,12.847912646767900,48,1,
3.8898454648823200,14.071986935076700,41,1,
4.134756816884200,12.637340910899000,39,1,
4.04695928403118,11.788177727997200,46,1,
4.239254284445460,10.925175773870900,23,1,
3.7117173718305300,12.353883367565000,37,0,
3.5684827394595400,12.301921595202900,43,0,
2.9282545234620100,13.013329396035700,42,0,
4.066621567484010,11.908914985200000,41,0,
3.2822910477084300,10.479150105790200,36,0,
2.6632105599353800,14.380039279458600,34,0,
4.9499437520588300,13.230641489094400,46,0,
3.422096328507730,12.046127295650800,43,1,
4.904515812272400,12.52520140613860,49,1,
4.869642703426700,13.130102013824600,40,1,
4.520868400893470,10.462597974817300,30,1,
2.573707147916390,10.153498448263600,40,1,
2.3384033917064600,11.797095978093200,22,1,
4.491432338614380,11.996744962962900,35,1,
4.539883219894760,11.609381758982900,29,1,
3.601963328129910,12.89021099438020,42,1,
4.002646959951620,12.267216448655800,22,1,
2.023644038865550,13.941483457966200,37,1,
3.268581934529240,13.101643888538900,45,1,
4.062085737461410,13.082369108990000,22,1,
3.7265276643135100,14.440817330011000,45,1,
2.9912040023182400,10.025917860512800,20,1,
2.09541585983225,11.590197572533900,27,1,
4.334463519615190,13.620627901687500,34,0,
3.24933819247021,13.498404902732000,22,0,
4.349825956022820,11.677257079890600,46,1,
3.708403062302370,10.438405161365600,23,1,
3.5264524713878400,12.854006109144100,39,1,
2.129477249408860,13.724624685373600,26,1,
4.739714436198800,10.22503248075740,28,1,
2.836302841991610,10.38426584768870,43,1,
3.3294697380181000,10.786995696834100,44,1,
2.509364082043710,13.811826517880500,28,1,
2.4500491107575200,12.634888176674200,24,1,
3.107325572713310,12.891573728280400,38,1,
2.402018093614520,11.598705142785900,45,1,
3.11205890069758,10.528067730474900,44,1,
4.06692134609466,12.513747991620300,39,1,
3.0736707221880000,13.329871837667300,26,1,
3.673207352427220,11.72970624948050,29,1,
3.40041235833936,13.068052450984400,24,1,
4.357831331735990,10.213207437937000,23,0,
4.221286978457640,11.382889874908700,29,0,
3.820757611286480,14.026540319252200,28,0,
3.147354709496220,13.103615313214600,47,1,
4.595349128131550,13.117667613410700,47,1,
2.429685321511300,11.464201766768700,35,1,
2.125507828085620,12.213637100535700,32,1,
4.810365086871210,14.382518958315000,29,1,
2.7983864118003800,14.556249046270300,47,1,
2.220344847120680,11.250922409704300,29,1,
4.8389719707212800,11.291227719380400,37,1,
3.856694931260020,14.48327276526490,47,1,
3.477801284543730,12.2212779717692,32,1,
2.0122071922629400,13.072712638477600,43,1,
4.351156358165770,12.720275553839700,49,1,
4.305705832243180,11.237177711801200,37,1,
2.5556325710307300,10.723235777247100,20,1,
3.7759854443981000,12.651662942719900,46,1,
2.874359917061630,11.758903199876000,24,1,
3.205716293802210,11.057376787721300,43,1,
3.2022784827739400,12.472439644136100,28,1,
4.832654875567110,12.904168299913800,37,1,
3.297821163228400,14.798624214517500,26,1,
3.0047560733549500,10.09197808215050,47,1,
4.296787254128360,11.621938157042500,26,1,
4.65859053831446,13.797411405032100,39,1,
3.76339658283012,10.443013628942500,35,1,
2.2263772386162600,10.080428866345800,29,1,
4.371263645306390,10.742221661378900,42,1,
3.1341694812694700,12.870204732920100,27,1,
3.141395415130810,14.44095353859940,23,1,
4.312840704007360,11.31951501578880,32,1,
2.254272144206010,12.024023206259800,47,1,
3.5220254354249700,12.488460197101700,45,1,
3.5295249103364700,11.165705099521400,27,1,
2.887826270696630,11.617261440303200,21,1,
3.201980936452140,11.942438320337800,35,1,
2.752047613831700,13.71606796281520,22,1,
3.9951307132190300,10.108506635877300,43,1,
4.32395127542618,11.382682665399300,30,1,
2.5935698104937000,14.583631149189600,50,0,
2.6355848865573400,13.760833146809900,39,0,
4.139763102313320,10.910310861536400,46,1,
2.3946964120405700,14.821474034367700,28,1,
4.516435060880290,14.287418978047700,44,1,
2.8602077834589600,10.22731566496830,24,1,
4.087455870017060,11.797432350679700,49,1,
3.983399622108260,13.578143208530900,27,1,
3.4107311389028500,13.436907285766400,26,1,
2.8626087765593800,10.953436345655200,50,1,
2.255015638282240,14.27661933992820,32,1,
2.115504728320030,12.99414909209760,34,1,
4.562992640946340,11.380398012650100,41,1,
3.1451057240001300,14.510980762748700,38,1,
2.6346733165395400,11.517719759836600,29,1,
4.599248356507850,14.055618486500700,44,1,
4.219930720010070,10.710607967985500,45,1,
2.3801559338546000,13.45760072807010,44,1,
3.029238358448410,10.513721198811200,45,1,
2.9589844926942900,12.193230955636900,39,1,
2.3613966340070600,10.62986465451960,34,1,
4.155858743865720,12.212879280299100,42,1,
2.3573460535502100,10.14882782045290,47,1,
4.013118680466390,12.21908832045550,49,1,
4.766309355426170,11.434294423547500,34,1,
3.716314013982440,10.962897109262700,49,1,
2.3510705140879900,14.10530949377580,22,1,
4.427282134359890,13.918793086589200,33,1,
3.7988788803669700,14.060010639138300,42,1,
2.2583588765357000,13.218822903032800,21,0,
2.7819776846208200,14.651812573183200,29,0,
3.1306748406600900,11.130237407435500,48,0,
4.90829339309049,10.5623794022833,24,0,
2.361340190512130,14.379907188202900,44,1,
2.590158181394470,13.471302963378200,22,1,
2.938188322459170,12.621163927273600,49,1,
4.282312057511800,12.324259171980400,28,1,
4.299421534328560,12.344427929514300,20,1,
2.033063057206430,13.769031877106100,50,1,
2.189168612484700,12.54732898625350,30,1,
3.152403226414750,14.901337367832700,46,1,
2.0145865414350000,12.548221575224400,34,1,
2.7442194922569400,11.094120076864000,23,1,
4.650540965361310,11.035965798022900,24,1,
4.365151874675920,13.522182243176300,43,1,
4.712776414287550,12.599122419433800,41,1,
2.0196452264331700,10.154433821964100,36,1,
3.24509087186348,11.782833898504200,24,1,
3.618244699037280,14.225934293643200,45,1,
2.223579003213120,10.427695559102700,33,1,
2.5705824444948800,14.271836247825300,20,1,
4.671812149616260,10.534993428872000,23,1,
4.763601918001560,13.907514417762700,49,1,
4.763531788836340,12.844237056307800,29,1,
2.2486650015151600,11.0203979502259,47,1,
2.4819792598674800,13.385089375836500,30,1,
2.6927706442137100,13.659874255734500,23,1,
4.2035680777767000,14.841703375728500,22,1,
4.825207288185800,14.114439944492300,30,1,
2.688341085963260,13.694076477769100,26,1,
2.901626821201380,12.484853082092400,33,1,
4.351902820595350,14.250759804435100,39,1,
2.297079051649560,11.223827937639200,33,1,
2.183177599505440,10.153148494007300,28,1,
3.405806467552320,12.049155675529800,31,1,
4.375300295610490,10.457609445533400,36,1,
4.037615956206240,12.274194349516800,34,1,
4.749456809599710,12.870932493009000,37,1,
2.330116551104600,10.9579830864617,48,1,
2.874185179382500,13.300905841291200,36,1,
3.0639376033595800,13.052626664885500,21,1,
4.80086734274197,12.263038656900000,37,0,
4.099721233629450,14.862960774922200,29,0,
2.356598476355510,12.707480980462700,35,0,
3.7045500814715800,12.5318084891823,29,0,
2.803078086577180,13.1222887031918,32,1,
2.597525087955270,11.452815459612500,43,1,
4.307768625379840,10.500973932176300,40,1,
4.9960108715090400,10.181070611997000,26,1,
2.3510461888200200,13.549727647011800,48,1,
4.63017017083829,10.244778998978900,31,1,
3.693378294963260,14.858632931593800,33,1,
2.7623851939115400,14.179337695733800,45,1,
2.229166238010680,13.587263596976700,26,1,
4.833056931357120,10.119298987136400,20,1,
3.27130225504907,12.034139361513300,37,1,
2.389595366003480,14.34277261846240,25,1,
3.098227144653800,10.622281567378200,38,1,
2.640682777788480,10.603648371109800,36,1,
4.195146634098490,12.822390458280400,29,1,
3.3468550961791100,10.46383558360520,22,1,
3.9746209064682800,11.714228296860900,23,1,
4.181833670594940,11.58209615109950,42,1,
2.3798255680779300,14.31455803489420,37,1,
2.3720606182786400,13.377732094467700,25,1,
2.76117197533822,14.396141083547800,36,1,
3.2597121631702400,11.022376961763600,32,1,
2.5263580173595100,12.97215868052170,28,1,
2.8319208469856500,10.691217898291200,31,1,
4.528695843388210,14.970677849542300,36,1,
4.827751773601150,10.14701226494700,50,1,
3.665122213494770,10.146488756287400,43,1,
2.1988205815707700,14.698961314440900,24,1,
2.3151240569277900,14.482839708364100,34,1,
2.899227069257080,13.258127576383400,21,1,
3.9116308214396500,10.953248555556500,31,1,
2.8879285749110500,12.619218618884400,26,1,
3.2581270867287400,12.017045878026600,23,1,
4.36531927425621,14.123791664082600,29,1,
3.155484324280530,13.336837000504400,50,1,
4.631143130198200,14.307260889857100,26,1,
2.1452813500133600,11.05077233013640,37,1,
3.3394132030414900,14.887341604674000,50,1,
2.560243972640850,14.027019169632900,46,1,
4.372361256355620,14.681312294419100,28,1,
3.716444808056250,14.915074926159500,28,1,
2.7700073539514100,13.783520001406600,49,1,
2.408053673587350,12.7105907314316,37,1,
2.8585188526538200,13.816217950310500,37,1,
3.487225373101980,13.600943613653800,21,1,
4.935446524711220,11.718179954793700,20,0,
2.53282281361545,14.70146944185680,36,0,
3.8533331458715500,11.646954503721300,40,0,
3.1609795891494000,13.434956531382100,46,0,
3.3311538365058100,10.263367250895800,26,0,
2.547704418394760,11.759043437419000,47,1,
3.6451897966692600,10.125906784651900,43,1,
2.2376290507145600,10.769052773839800,31,1,
4.872040846490580,11.722059309635100,40,1,
3.4713545719036300,10.81148437550830,22,1,
2.5136227576168000,12.502855418411900,26,1,
4.913694559171350,14.63986445452430,50,1,
4.902375023466500,13.016037521573700,21,1,
2.33703756078923,10.00169914390780,42,1,
2.78586492099145,12.095687147211000,41,1,
3.2894990452269400,12.356990017571400,45,1,
2.130984641260040,11.72099622677630,38,1,
3.1812425456349400,13.820527449646300,40,1,
3.286939275697490,10.46067258027030,43,1,
3.509846980770350,10.976940046424200,32,1,
4.237865684732410,13.030459304271500,39,1,
2.389964634658520,13.173292548455900,25,1,
4.410538028343770,10.55476850251210,46,1,
2.744809251650760,12.854790321984800,26,1,
2.3999697883405700,14.102049288483400,33,1,
2.3356459982475200,10.137857176758200,23,1,
2.4789694614101400,11.902791474345700,24,1,
3.7588257855089400,14.968180357496400,36,1,
2.913028112367840,14.983524550228400,22,1,
4.834681447049640,14.998416352378200,37,1,
2.645418728901470,11.957664185627200,37,1,
4.361499541132390,11.575678304304600,47,1,
2.0668896446013800,11.474487107118300,47,1,
3.1583022131111200,10.366001263084500,48,1,
2.674552702583780,10.123754694888700,40,1,
4.2300248930595,12.493518618603300,49,1,
4.396462271406650,10.418640910816800,29,1,
3.088854811576110,10.834864540586100,47,1,
3.3660327365866800,11.101408861573100,33,1,
2.1165098600375100,13.372679125364600,21,1,
4.9977171101616400,14.650678721979000,39,0,
3.615432150941540,12.488571955238400,41,0,
3.9009419757301200,11.70344332964950,38,0,
3.967771412870740,13.651332362885900,36,0,
2.667039078300660,14.680366106632200,47,0,
3.8749034685071200,11.778498993330100,21,0,
2.809881648031770,10.447462209785900,37,0,
2.9145440490738400,12.395043715911800,32,0,
4.395817796097140,10.620247725065200,34,0,
3.2393556164319100,14.135422291394100,22,0,
4.303064949558140,11.658876166130500,36,0,
3.571346526859180,13.899002804238300,22,1,
2.9246271983014700,10.484071625093000,33,1,
2.8886690218426300,13.675342230073700,36,1,
3.743477271184430,11.618265751672700,28,1,
2.1960260935880600,12.234798424326100,39,1,
2.3333760956582700,11.930312953934400,30,1,
3.6748488290571000,10.426416056080100,24,1,
2.4881177143938800,12.951384569400500,27,1,
2.7362946627924200,13.590297332702700,44,1,
2.6057464463371200,13.594268391365300,47,1,
3.418504090294650,13.024391034868600,47,1,
3.3808161391040100,14.684200706058900,47,1,
2.5974201987306700,12.897013456578000,33,1,
4.993210224428820,12.334588930700700,26,1,
4.714531983418170,11.853045780014900,29,1,
2.853124652224070,12.308222565569100,33,1,
3.3473370845583100,11.427882056473800,20,1,
4.911468630769940,14.032204668731400,47,1,
2.8549643916654400,13.55559635838100,50,1,
2.513649610913230,12.428008791182600,33,1,
4.4171502824496700,11.856707239264500,28,1,
4.275270462462350,11.568330853984600,21,1,
4.29513692266355,12.66382147245290,45,1,
2.7428167512643,14.499242709050100,36,1,
4.548956303425570,10.182592334318100,32,1,
2.052445447669270,10.58586502622250,21,1,
3.019753490885980,10.616165925091500,28,1,
3.7251775694913900,11.776921838191500,28,1,
3.208462594296680,12.847882214780500,38,1,
3.2291184809957700,12.954258434515400,39,1,
2.5498812843890900,12.425858910122900,39,1,
2.299866223887530,12.787701164128200,45,1,
2.2585396426457300,11.871122337372300,44,1,
3.2840673756984900,14.14559863109890,46,1,
2.208408455884910,12.203515195549200,25,1,
2.839373503965620,10.315052948564500,28,1,
4.488367412603270,11.418879412636500,40,1,
2.6379575478912500,11.001787537345900,21,1,
4.780509870518370,10.0060544007635,34,1,
4.517519288803770,11.913187326308000,21,1,
2.954791473465630,13.09930918006630,36,1,
3.244694957371120,14.523475826011300,32,1,
2.3295705275106500,10.753700480146400,49,1,
4.472475589915550,11.134891087491400,49,1,
3.0839352502910600,12.715453360090800,24,0,
3.887269595841190,12.605269890914200,31,0,
3.612421685734530,10.04190376224480,46,0,
2.0751672580314200,11.50357363086180,32,0,
2.79268865635194,12.53605663341010,41,0,
2.333545101403710,12.123450609444200,32,0,
3.7687454088569300,14.706395499366400,42,0,
3.313660212050120,14.419492089677300,49,0,
3.6956038622211100,10.273265508458700,45,0,
3.3579884178216600,14.45054318255290,22,0,
2.9059895429494900,10.853590389972500,46,0,
2.1927225067823200,10.975301602252400,50,0,
4.69611216430266,10.313741708362200,40,0,
2.959777852278990,14.983289788132300,27,0,
2.548002465678190,10.189223884489800,50,0,
4.004695012684060,14.444526316766100,34,0,
2.5979536597852800,14.013776692515300,47,1,
2.7670637741390400,14.707977048984300,43,1,
2.12586146958779,11.94132477724640,25,1,
2.9708567943031500,14.87133473922030,29,1,
2.009603698699750,10.63670458740280,50,1,
2.3560117574256200,12.534479592153800,34,1,
3.0483209467504400,12.255953604521900,21,1,
4.82137731874972,12.219067899549400,46,1,
4.978052003905440,13.35821735982820,48,1,
2.360095545628260,12.477474058081500,48,1,
2.3907463396865500,10.383733752039100,41,1,
2.274189819621030,12.79967998419360,42,1,
3.3008556468808800,13.726013423073600,41,1,
3.1950795593147900,11.775891779843100,44,1,
2.041093798509520,11.571655768224500,50,1,
3.522703246805350,14.016541793413000,33,1,
3.189016068931930,10.23917118251060,20,1,
4.502908251059510,14.696423857231600,21,1,
3.4215754782199200,12.31177113414640,30,1,
2.809180901734630,11.652478108246200,41,1,
3.1841723083710700,10.003140502908300,22,1,
4.220002373018860,11.967195168446700,21,1,
2.926023551462110,12.455247255546500,47,1,
4.9085194391467300,14.286260022327600,39,1,
2.8883953085917300,11.296054558684400,46,1,
4.228739724764610,13.397608952592700,36,1,
4.864556650365580,10.56477034195160,43,1,
3.0802515796217800,14.886392078530500,21,1,
2.110649796517930,13.869502490684200,32,1,
2.164206244559230,14.580341395345800,50,1,
2.0080426837815900,10.412816228713900,40,1,
4.795783398692230,11.817206360626400,22,1,
4.32573975462927,12.260739113275000,50,1,
2.011177630306660,12.319816370714700,45,1,
3.783301009201460,12.25463904614500,43,1,
3.177542530533790,11.981858510344200,25,1,
3.8481500031950400,13.536591238652700,44,1,
2.545952781435180,12.400338452914100,37,1,
3.556210149777120,13.801288404552700,20,1,
3.1497036489664300,14.933710785297400,21,1,
4.722635235951100,14.961070970691300,28,1,
2.184628332653550,13.912833368930200,33,1,
2.381879913042360,14.97560540819050,42,1,
4.632547514816370,10.631411688429700,20,1,
2.72763717502078,11.35845644938510,23,1,
2.4774188069271600,13.46422217323840,24,1,
4.972477119251490,12.080219034294600,38,1,
2.741509697718390,13.831083807750600,36,1,
3.074832928297990,12.266374328693900,24,1,
2.3104129368465800,13.211746049074000,21,1,
2.455710712615760,13.904757513366100,43,1,
3.4358708108016000,14.785256714448300,26,1,
4.742038898640680,11.44663650853180,47,1,
2.1903774131099400,10.91443823225020,44,1,
4.199222611897440,13.857129144391500,44,1,
3.6184623703518700,11.530398098604800,21,1,
4.9584846434317100,10.397232173944200,30,1,
3.0684818492835800,12.871027494914300,29,1,
2.156374528382450,13.076730111587400,25,1,
4.793753851938150,10.188667130064100,32,1,
4.1571812582007600,11.163251639111300,20,1,
2.731043061081810,12.006771105777400,50,1,
3.03814182776711,10.377702144874600,40,1,
3.6028693225623000,14.715923680586600,38,1,
3.8081502034480700,12.337514731400400,33,1,
3.2015398882855900,14.250978182291800,24,1,
2.7667326654991700,13.268193168699700,44,1,
3.966115503525930,13.967679253748500,24,1,
2.0173496334498200,14.151261389001800,41,1,
2.784238508422330,13.860651579591600,35,1,
2.0261852644418300,14.278269249547500,36,1,
4.048923700058860,14.445538258333500,45,1,
4.19147327458867,13.978637523149200,39,1,
2.6871863928223900,11.53275507140210,39,1,
3.359571084685180,10.471153985804000,42,1,
2.674674215841120,14.247571487522300,32,1,
3.841078160631820,13.853062617512900,50,1,
4.640640763519980,10.888349690740500,29,1,
4.390284320915970,10.06503373273280,29,0,
4.540095493988230,12.666545268045700,25,1,
3.5256321158312500,10.027383921311900,20,0,
4.3269283188695,14.357995627998300,21,1,
3.0305682393334900,14.961677391158000,32,1,
2.5052445340156400,10.124551182779900,40,1,
4.219283609994420,13.96528358856880,34,1,
2.577164765370990,13.543179585369400,20,1,
4.226717480004240,10.165163509122000,48,1,
2.479839855435360,14.18277327689890,48,1,
3.3748341122922000,13.860406315566000,22,1,
3.0323362308994600,14.551370439269000,28,1,
3.963979982109930,11.17335328867020,44,1,
4.863143360312350,10.290161719504200,38,0,
2.712588776479850,10.936612109296200,20,1,
4.5751013916584400,13.598574460448000,28,1,
3.52211366792679,10.250740614510600,34,1,
3.564957538388750,14.819987721642100,28,1,
4.953459929478720,10.542567119156600,34,1,
3.243132444257990,11.752489894995900,45,1,
3.370974120250040,10.633567390561100,25,0,
2.4206980506020200,14.36477394515990,20,1,
3.313503694666030,11.709050240534500,44,1,
3.3689621953134400,11.693529272847100,44,1,
2.157176160236320,13.955866226750800,43,1,
4.074636682526330,14.369145497778100,42,1,
3.4899117889571200,13.658039953520200,36,1,
4.909829274454330,11.495648640196900,39,0,
2.6165022549386300,13.878567379263500,23,1,
3.958908981340570,12.002759237340400,42,1,
4.8904197729819300,11.851283545506600,39,1,
4.3804057233378800,12.134036078096900,47,1,
3.7834902064191600,12.377990944185900,41,1,
2.610456565825700,14.952234423256900,47,1,
3.911456696555470,10.246901841037800,27,1,
3.166044391233700,14.60257659467850,40,1,
4.263196287625860,11.201649059292800,25,1,
3.332591565936940,10.965399502183600,22,1,
4.397135244963320,10.260920387024600,36,1,
4.1399065553935900,13.803461431463300,36,1,
4.4915780765999500,13.148536726216300,47,1,
2.6111647201269100,14.120591314695800,25,1,
4.185728515558530,14.240425603476400,46,1,
2.330534607713150,12.963146147748600,49,1,
4.476940348562060,10.883317237539100,40,1,
3.029201809624420,11.68631654539200,46,1,
4.664971616971780,12.097645951038400,26,1,
3.8142822553874400,12.851553220480200,47,1,
2.6430685832304800,10.032952996301600,24,1,
4.559652288447800,14.336835552924300,40,1,
4.840198316109070,13.369986292821400,28,1,
2.2159616249237600,11.659502392092400,32,1,
4.327954654941680,11.914556848352500,21,1,
3.3158035778415,11.01077486270530,39,1,
2.3471039166834800,11.594405571787700,41,1,
4.480084203704860,11.614493696743400,34,1,
3.657576331781310,12.38646104772170,31,1,
4.90895293804412,11.288726656863500,49,1,
2.2394975927817600,12.315179130391500,28,1,
3.1706467764397900,12.47880736281480,28,1,
4.2064178572291200,13.515102333193400,34,1,
2.7444598400056300,12.066589110171900,35,1,
2.650808026027060,10.032324416731400,46,0,